<?xml version="1.0" encoding="UTF-8" ?>
<!DOCTYPE mapper
PUBLIC "-//mybatis.org//DTD Mapper 3.0//EN"
"http://mybatis.org/dtd/mybatis-3-mapper.dtd">
<mapper namespace="cn.kgc.mapper.UserMapper">
	
	<select id="usersList" resultType="cn.kgc.entity.User">
		SELECT * FROM tb_user
	</select>
	
	<select id="selectById" parameterType="int" resultType="cn.kgc.entity.User">
		SELECT * FROM tb_user WHERE uid=#{uid}
	</select>
	<delete id="deleteById" parameterType="int">
		DELETE FROM tb_user WHERE uid=#{uid}
	</delete>
	
	<update id="updateOne" parameterType="cn.kgc.entity.User">
		UPDATE tb_user
		SET uname=#{uname},gender=#{gender},phone=#{phone},email=#{email},introg=#{introg}
		WHERE uid=#{uid}
	</update>
	
	<insert id="addOne" parameterType="cn.kgc.entity.User">
		INSERT INTO tb_user(uname,pwd,gender,phone,email,introg) VALUES(#{uname},#{pwd},#{gender},#{phone},#{email},#{introg})
	</insert>
	
</mapper>